"completions","attempts","passing_yards","passing_tds","interceptions","sack_fumbles","sack_fumbles_lost","passing_air_yards","passing_first_downs","passing_2pt_conversions","carries","rushing_yards","rushing_tds","rushing_fumbles","rushing_fumbles_lost","rushing_first_downs","player_name","games_played"
7756.7180156658,11902.6057441253,89548.3785900784,660.378590078329,213.592689295039,88.0078328981724,36.0208877284595,81767.5169712793,4471.7180156658,14.8328981723238,924.409921671019,3282.87467362924,36.2767624020888,36.798955613577,9.83289817232376,319.903394255874,"P.Mahomes",324
