"completions","attempts","passing_yards","passing_tds","interceptions","carries","rushing_yards","rushing_tds","player_name","games_played"
7762.81818181818,11924.8311688312,89159.7532467533,654.22077922078,216.415584415585,928.324675324676,3348.42857142857,40.0779220779221,"P.Mahomes",324
